<?xml version="1.0" encoding="UTF-8" standalone="yes"?>
<addon id="script.start.moonlight-qt" name="Moonlight-QT" version="1.0.0" provider-name="saschiwy">
	<extension point="xbmc.python.script" library="addon.py">
		<provides>executable</provides>
	</extension>
	<extension point="xbmc.addon.metadata">
		<platform>all</platform>
		<summary lang="en">Start Moonlight-QT</summary>
		<description lang="en">Starts moonlight-qt and after closing restarts kodi</description>
		<license>GNU General Public License, v2</license>
		<language></language>
		<forum></forum>
		<source>https://github.com/saschiwy/script.start.moonlight-qt</source>
		<website>https://github.com/saschiwy/script.start.moonlight-qt</website>
		<email></email>
		<assets>
			<icon>resources/icon.png</icon>
			<fanart>resources/GameStreamBack.jpg</fanart>
		</assets>
		<news></news>
	</extension>
</addon>
